customer_id,age,gender,income,spending_score,purchase_frequency,total_spent,is_churned
1,56,Male,75648,98,39,3418.05,0
2,69,Male,133537,8,2,3162.64,1
3,46,Male,39516,21,29,1651.09,0
4,32,Female,142863,98,41,4100.41,0
5,60,Male,145005,68,10,2557.43,0
6,25,Male,32396,25,2,447.37,1
7,38,Male,114082,79,11,1633.03,0
8,56,Female,49129,68,13,4682.96,0
9,36,Female,31591,45,10,4268.33,0
10,40,Male,41303,60,14,4911.34,0
11,28,Male,60561,12,18,3177.17,0
12,28,Male,101719,32,9,1312.8,0
13,41,Male,148618,96,39,897.79,0
14,53,Female,122108,92,28,1015.88,0
15,57,Female,129616,13,3,197.0,1
16,41,Female,116231,31,20,2014.34,0
17,20,Female,37314,78,6,1038.0,0
18,39,Male,147071,20,27,2117.11,0
19,19,Male,49623,18,2,4681.47,1
20,41,Male,97675,93,29,2209.65,0
21,61,Female,142992,60,38,4402.12,0
22,47,Male,126826,63,3,3066.97,0
23,55,Female,95082,6,16,1310.94,0
24,19,Female,113624,32,30,1843.69,0
25,38,Male,135228,93,40,511.21,0
26,50,Male,63130,43,2,1733.97,0
27,29,Male,81756,2,17,3419.95,0
28,39,Female,127624,60,41,453.34,0
29,61,Male,56292,23,12,1106.47,0
30,42,Female,141785,83,35,1969.06,0
31,66,Male,116206,31,43,4912.04,1
32,44,Female,99274,5,1,3945.82,1
33,59,Female,32469,83,45,3694.09,0
34,45,Male,83947,34,15,669.34,1
35,33,Female,52534,10,26,3926.88,1
36,32,Female,93620,89,37,3947.82,0
37,64,Male,78874,2,21,3045.4,1
38,68,Female,79708,11,49,4952.77,0
39,61,Male,104553,50,31,1693.74,0
40,69,Female,98344,31,25,4712.23,0
41,20,Male,79138,56,23,4582.18,0
42,54,Male,84302,79,24,156.26,0
43,68,Female,77638,73,38,2305.57,0
44,24,Female,108249,87,28,4887.81,0
45,38,Female,135865,83,21,605.29,0
46,26,Female,32719,9,43,2784.15,0
47,56,Female,52890,99,18,4896.89,0
48,35,Male,107236,21,36,2821.93,0
49,21,Female,66509,73,35,1030.09,0
50,42,Male,72534,28,45,2952.7,0
51,31,Male,132302,62,9,1101.76,0
52,67,Female,122241,7,38,2646.55,0
53,26,Male,48787,80,30,462.81,0
54,43,Male,78845,16,44,3066.87,1
55,19,Male,87932,97,34,2632.27,0
56,37,Male,122124,4,32,3726.79,0
57,45,Female,121659,4,3,3190.43,1
58,64,Male,63062,40,3,2793.07,1
59,24,Female,105713,17,28,3479.92,0
60,61,Female,117263,52,44,805.32,0
61,25,Male,125756,93,15,3017.26,0
62,64,Female,90461,52,41,943.34,0
63,52,Female,105418,36,23,4635.06,0
64,31,Female,96672,38,40,434.84,0
65,34,Male,64832,50,11,2208.84,0
66,53,Female,61966,63,48,3509.41,0
67,67,Female,102545,63,32,2344.31,0
68,57,Female,42987,62,36,551.27,0
69,21,Male,67311,99,33,2811.56,0
70,19,Female,61575,7,24,3244.0,1
71,23,Male,93852,27,39,3548.58,0
72,59,Male,31007,92,34,1928.97,1
73,21,Male,100981,86,28,2861.93,0
74,46,Male,106242,14,37,2308.36,0
75,35,Male,77517,71,7,3393.07,0
76,43,Male,140022,86,4,2959.43,0
77,61,Female,59257,5,37,2676.21,0
78,51,Male,117272,55,1,1322.67,0
79,27,Female,72207,2,1,109.89,1
80,53,Female,43281,62,47,953.0,1
81,31,Male,91246,91,20,673.62,0
82,48,Female,31435,21,19,2300.52,0
83,65,Female,128875,79,29,3100.06,1
84,32,Female,130686,21,10,1144.12,0
85,25,Female,121357,10,18,4701.38,0
86,31,Male,56660,87,28,132.74,0
87,40,Female,35084,58,35,3884.27,0
88,57,Male,112197,39,43,3163.5,0
89,38,Female,43507,5,47,1930.42,0
90,33,Female,102595,65,31,347.4,0
91,62,Male,113807,13,27,3174.68,0
92,35,Female,75539,85,11,1989.51,0
93,64,Female,145953,90,49,4687.71,0
94,41,Female,37491,85,49,2755.75,0
95,43,Male,142831,53,38,4704.29,0
96,42,Female,80192,82,5,1180.37,0
97,62,Male,110395,45,8,3656.06,0
98,58,Female,93888,32,34,3124.52,0
99,46,Male,103609,36,48,3723.1,0
100,32,Male,39077,81,12,1151.87,1
101,62,Female,147440,99,38,3358.47,0
102,18,Female,50953,60,1,2540.4,0
103,42,Male,106919,11,31,3739.84,0
104,24,Male,144682,63,4,1702.52,0
105,26,Female,97889,21,49,4461.28,0
106,41,Male,53821,52,45,513.08,0
107,18,Female,67567,55,5,4055.23,0
108,61,Female,145374,26,30,4320.47,0
109,25,Female,54860,68,24,4104.54,0
110,41,Female,51195,34,3,2612.36,0
111,28,Male,107475,52,11,2248.09,0
112,68,Female,120874,82,45,4981.69,0
113,34,Male,117266,99,4,1222.94,0
114,25,Female,51427,93,26,2779.69,0
115,52,Male,130732,52,27,3386.31,1
116,52,Female,57083,29,46,3534.25,0
117,50,Male,117046,38,43,1099.72,0
118,22,Male,87372,42,27,3304.57,0
119,59,Female,74064,21,42,4110.01,0
120,56,Female,37813,42,6,345.09,0
121,58,Female,61598,13,15,4566.45,0
122,45,Female,142718,64,30,244.57,0
123,24,Male,123106,17,42,1844.26,0
124,26,Female,57082,9,37,177.48,0
125,25,Male,59241,41,37,478.01,0
126,29,Male,126214,1,42,4564.72,0
127,51,Female,74569,2,37,1838.82,0
128,50,Male,41745,60,35,2181.38,0
129,65,Male,56029,48,23,1155.19,0
130,40,Male,43025,29,6,3025.77,1
131,41,Male,131660,97,4,3014.54,0
132,54,Female,44288,10,18,1923.78,0
133,52,Female,119186,58,9,1731.87,0
134,61,Female,36540,60,49,4436.33,0
135,57,Female,127768,21,29,1978.09,1
136,39,Male,111958,28,13,2518.15,0
137,44,Male,98878,75,47,1488.19,0
138,52,Female,71846,34,17,3955.17,0
139,18,Female,131148,8,45,2047.5,0
140,52,Female,105932,59,32,2616.69,1
141,54,Male,47482,86,48,1341.45,0
142,64,Female,53411,72,22,4939.53,0
143,31,Female,80975,49,4,1528.33,0
144,20,Female,90545,79,5,3876.64,0
145,18,Male,142302,17,37,2194.73,0
146,22,Male,108797,60,41,1110.47,0
147,43,Male,82307,87,49,4018.62,0
148,31,Male,33093,88,13,1734.67,0
149,56,Male,107258,45,34,4339.45,0
150,44,Male,52042,83,45,4584.76,0
151,26,Male,82930,69,22,4313.14,0
152,32,Male,147584,32,23,271.54,0
153,32,Female,74413,44,3,3958.13,0
154,43,Female,143387,65,42,2115.56,0
155,59,Male,123623,87,34,4381.24,0
156,30,Male,127883,8,32,3225.98,1
157,68,Female,63756,77,45,4184.85,0
158,49,Male,83268,72,49,2547.22,0
159,56,Male,69214,87,21,2721.62,0
160,66,Male,111871,43,46,807.5,1
161,69,Female,58602,1,44,3941.54,0
162,49,Female,83331,51,21,2155.01,0
163,21,Female,78901,24,44,2550.39,0
164,47,Female,129986,99,11,3946.98,0
165,54,Female,93416,24,39,3034.34,0
166,40,Male,62196,17,4,1085.38,1
167,56,Female,35626,5,1,2992.14,1
168,62,Male,37424,20,28,2097.4,0
169,32,Male,42857,21,24,2400.68,0
170,60,Female,140459,58,35,238.73,0
171,46,Female,145621,31,13,1129.14,0
172,53,Male,49982,11,47,1477.09,0
173,30,Male,106961,52,34,3593.5,0
174,49,Male,31980,15,11,156.31,1
175,24,Female,78290,83,36,2103.01,0
176,68,Female,56431,7,17,4627.73,0
177,39,Female,114976,28,35,648.22,0
178,45,Female,137288,51,18,2630.48,1
179,19,Female,112711,58,40,3953.96,1
180,59,Male,144187,5,22,4718.4,0
181,62,Female,56385,5,24,3759.21,0
182,23,Male,68158,94,19,3630.77,0
183,45,Male,53019,96,37,4149.79,0
184,45,Male,48639,8,39,2286.39,0
185,61,Female,115530,64,21,4048.64,0
186,61,Female,129911,10,8,139.03,1
187,37,Female,51563,38,28,4630.35,0
188,47,Male,69341,96,5,2272.2,0
189,28,Male,145672,92,17,2811.56,0
190,45,Male,35776,81,37,1348.92,0
191,42,Male,66444,95,36,3738.4,0
192,56,Male,98916,8,19,475.52,0
193,50,Male,38711,25,27,4375.92,0
194,18,Female,104318,73,34,4157.77,0
195,44,Female,112970,66,11,1158.69,0
196,69,Female,142301,79,45,4065.69,0
197,30,Female,115553,50,47,3953.15,0
198,58,Male,60707,67,12,3197.86,1
199,20,Male,69110,49,21,1930.25,0
200,56,Female,91788,36,11,1430.34,0
201,23,Male,112879,68,39,1235.74,0
202,25,Female,68827,78,28,1661.18,0
203,44,Female,137188,41,5,4527.44,0
204,26,Female,35655,89,17,480.44,0
205,54,Male,74859,62,20,4161.47,0
206,50,Female,83625,10,41,1809.56,0
207,68,Female,82098,21,46,2655.84,0
208,59,Female,45251,36,12,3992.98,0
209,61,Male,30526,12,6,4433.45,1
210,41,Male,98760,91,17,1789.43,0
211,32,Female,77837,2,19,2363.03,0
212,49,Male,41536,13,26,2131.13,0
213,49,Male,58541,53,48,164.93,0
214,41,Male,109083,32,44,1550.12,0
215,58,Male,81027,95,44,2350.03,0
216,69,Male,64531,16,32,2114.36,0
217,66,Male,38712,32,6,3637.45,1
218,66,Male,134101,32,36,1985.54,1
219,69,Male,95455,98,38,2497.94,0
220,29,Male,104744,11,11,2205.08,0
221,56,Male,35109,10,33,3729.07,0
222,19,Female,79268,15,24,4328.56,0
223,20,Female,130737,17,23,2706.26,0
224,66,Male,84615,40,15,3968.22,0
225,54,Female,112503,18,27,1554.25,0
226,66,Female,59759,55,11,2752.71,0
227,34,Male,115708,73,17,1791.63,0
228,66,Male,90112,25,14,2129.58,0
229,19,Male,132471,59,27,3688.83,0
230,19,Female,56589,78,18,4420.15,0
231,45,Female,60015,89,28,695.33,1
232,40,Male,59009,22,47,3209.73,0
233,54,Male,113309,30,47,2952.5,0
234,49,Male,92046,84,4,680.23,0
235,50,Female,136661,85,7,1138.28,0
236,18,Female,56143,44,45,1623.91,0
237,36,Female,36154,32,35,917.96,0
238,19,Female,51804,51,48,1294.27,0
239,61,Male,71688,46,9,1411.24,0
240,43,Male,94288,21,8,1744.8,1
241,49,Male,81195,99,45,3772.01,0
242,23,Male,50581,32,17,2902.37,0
243,49,Female,82648,94,17,4932.61,0
244,21,Female,60087,39,49,2132.21,0
245,28,Male,79930,12,33,3793.94,0
246,34,Male,62981,47,32,4370.2,0
247,55,Female,99298,18,8,3426.99,1
248,41,Male,76167,21,19,2118.14,0
249,22,Female,105304,13,38,3792.61,0
250,69,Male,73408,21,3,1097.97,1
251,51,Male,69499,8,5,1705.01,1
252,23,Male,82269,46,13,2778.76,0
253,39,Male,68559,7,47,2919.51,0
254,28,Male,144126,23,46,208.49,0
255,65,Male,104319,96,31,4731.06,0
256,33,Male,141925,75,16,3513.47,0
257,50,Female,125317,86,32,2528.95,1
258,26,Female,126347,22,22,4672.32,0
259,23,Female,78787,89,29,2251.57,1
260,33,Female,65488,22,22,4904.13,0
261,46,Female,104441,92,43,2610.2,0
262,20,Male,104663,29,3,660.0,1
263,37,Male,52431,13,10,3847.52,0
264,53,Female,91681,82,42,3426.6,0
265,36,Male,93483,2,21,3887.63,0
266,43,Female,79153,29,16,4762.07,0
267,20,Female,36368,85,12,3904.8,1
268,36,Male,57424,79,2,3095.55,0
269,37,Male,142360,52,41,4300.81,0
270,49,Male,75004,27,24,3398.91,0
271,24,Female,113869,50,35,2099.78,0
272,69,Male,118652,95,30,4439.54,0
273,58,Female,142755,79,30,1187.31,0
274,50,Female,86985,23,47,3601.74,0
275,57,Female,80069,88,35,4419.66,0
276,56,Male,82326,44,19,3683.45,0
277,35,Male,138737,77,8,3516.65,0
278,57,Female,111061,22,26,3787.93,0
279,18,Male,53398,43,49,2378.77,0
280,28,Male,128393,37,40,4383.44,0
281,45,Male,80861,61,7,1096.84,0
282,42,Female,105897,97,30,724.19,0
283,67,Female,111905,56,7,1498.99,0
284,40,Male,98577,3,3,2704.73,1
285,48,Female,95641,63,1,2601.75,1
286,47,Male,39078,19,36,4120.93,0
287,59,Male,55003,23,25,2082.39,0
288,52,Male,92768,29,37,2473.29,0
289,24,Male,81047,30,1,165.5,1
290,33,Female,101626,39,15,2107.72,0
291,43,Female,87660,25,37,3274.09,1
292,65,Female,134386,8,13,175.99,0
293,69,Male,79786,58,40,1476.32,0
294,66,Male,31925,16,8,1118.99,1
295,19,Male,113976,72,5,305.73,0
296,18,Female,135221,1,9,2448.37,1
297,65,Male,147832,5,1,990.44,1
298,29,Female,56015,3,36,3741.1,0
299,22,Female,63320,65,35,4254.85,0
300,54,Female,94881,4,2,2773.37,1
301,49,Female,120827,99,40,4910.37,0
302,26,Female,132215,96,23,2307.35,0
303,58,Female,56289,64,9,2615.5,0
304,52,Male,33389,98,34,4947.17,0
305,36,Male,55683,89,46,1234.59,0
306,65,Female,43629,10,14,4718.48,0
307,33,Female,91550,21,4,309.9,1
308,20,Male,54826,46,30,2287.3,0
309,37,Female,130734,91,31,443.02,0
310,41,Female,56630,27,38,3673.25,0
311,50,Male,128762,66,11,3081.2,0
312,41,Female,76163,41,35,3562.51,0
313,69,Female,128511,13,8,1934.95,1
314,28,Female,96435,9,3,1910.46,1
315,66,Male,41653,36,14,322.06,0
316,25,Male,57961,86,13,1814.73,0
317,53,Male,111941,90,45,4653.51,0
318,55,Female,104137,58,32,1958.21,0
319,57,Female,63662,54,34,4173.7,0
320,37,Male,128818,12,45,4227.39,0
321,52,Female,86446,81,19,1928.88,0
322,65,Female,51288,78,38,3196.74,0
323,42,Female,125081,14,16,567.32,0
324,52,Female,66877,34,2,608.03,0
325,42,Female,141562,53,40,338.42,0
326,46,Male,45313,20,17,2946.97,1
327,35,Female,110885,75,34,2187.75,0
328,63,Male,102715,16,42,2785.36,0
329,35,Female,40326,95,16,2653.26,0
330,19,Male,140091,70,38,1815.99,0
331,52,Female,31560,56,2,3419.62,0
332,33,Male,109148,83,2,3816.66,0
333,58,Female,113186,58,26,171.68,1
334,53,Male,56745,4,13,1115.49,0
335,50,Female,61890,4,47,3594.86,0
336,21,Male,50022,20,31,1994.44,0
337,50,Female,82579,10,34,3346.17,0
338,31,Male,100316,24,39,1800.12,1
339,38,Male,113847,99,3,2014.7,0
340,65,Female,58380,26,8,877.53,1
341,37,Female,140198,37,23,1365.33,0
342,25,Male,32356,85,14,3066.52,0
343,24,Female,100326,54,27,2222.5,0
344,20,Male,122447,21,29,3894.08,0
345,34,Male,144994,74,39,4277.67,0
346,50,Male,119899,38,39,2754.07,0
347,65,Female,50049,46,1,3815.51,0
348,29,Male,105717,4,17,1603.83,0
349,68,Male,135361,60,41,2133.36,0
350,39,Female,46082,57,30,3592.61,0
351,39,Female,30661,45,13,1992.44,1
352,63,Female,67412,20,21,2983.67,0
353,47,Female,144015,17,19,1008.33,0
354,55,Male,32920,71,19,3038.88,0
355,55,Male,121194,4,25,4321.42,0
356,62,Male,144306,93,22,4356.33,1
357,68,Male,90315,14,31,3649.29,0
358,25,Female,109561,3,17,3754.19,0
359,44,Male,38946,88,23,2833.84,0
360,44,Male,124242,80,32,2964.87,0
361,51,Female,75500,58,10,754.89,1
362,38,Male,134540,55,10,2274.91,0
363,47,Male,46309,4,36,2308.8,1
364,50,Male,85230,24,8,4796.64,1
365,45,Male,141822,34,20,2212.33,0
366,64,Male,128656,30,32,2791.78,0
367,50,Male,60027,82,14,2712.93,0
368,22,Female,102541,19,28,3220.13,0
369,65,Female,142340,31,46,3766.34,0
370,36,Male,144846,60,24,1202.71,0
371,21,Male,89321,60,15,2690.75,0
372,52,Female,30956,19,22,4147.0,1
373,66,Male,130375,49,30,2369.26,0
374,34,Male,104131,63,4,1464.44,0
375,61,Male,77908,83,13,3308.07,0
376,45,Female,108339,22,23,4136.46,0
377,47,Male,55963,24,8,409.39,1
378,46,Female,131757,76,18,3906.27,0
379,63,Male,69443,30,12,4126.07,0
380,23,Female,129259,58,31,2361.46,0
381,52,Female,69063,31,14,4918.2,0
382,58,Male,144225,64,34,3954.87,0
383,54,Female,146400,19,18,3890.95,0
384,41,Male,110818,48,34,3764.41,1
385,46,Female,34703,45,11,837.98,1
386,66,Male,95128,94,41,1164.43,0
387,63,Male,102099,55,12,2373.55,0
388,48,Female,55849,55,49,1393.62,0
389,52,Male,61860,97,15,2134.68,0
390,50,Male,61585,18,31,4453.47,0
391,69,Female,52015,63,49,4139.2,0
392,38,Male,107539,92,29,3187.2,0
393,49,Male,73585,47,26,4304.79,0
394,40,Female,56958,75,18,3940.48,0
395,50,Female,56017,57,32,2202.03,0
396,20,Male,106707,45,22,1085.22,0
397,35,Male,75350,33,38,2619.59,0
398,42,Female,42201,17,17,3707.52,0
399,59,Female,59426,70,23,2238.46,0
400,48,Male,47778,4,24,3367.18,0
401,20,Female,75241,20,8,562.2,1
402,57,Male,72229,47,41,3765.22,0
403,63,Male,116652,91,6,4082.3,0
404,41,Male,148402,15,5,3563.51,1
405,67,Male,78364,70,44,4839.59,0
406,49,Male,128833,47,29,4150.6,0
407,64,Female,114878,78,28,4525.16,0
408,39,Female,87056,75,11,4674.5,1
409,40,Female,57490,9,1,4026.61,1
410,19,Female,49975,90,43,3403.87,0
411,44,Male,56723,16,19,128.02,1
412,59,Male,53279,69,9,2382.55,0
413,19,Male,108301,61,27,2898.7,1
414,43,Male,142214,10,34,1589.75,0
415,34,Female,41561,50,44,1658.71,0
416,57,Male,137435,3,4,4809.68,1
417,50,Male,96061,77,36,4469.38,1
418,26,Female,118397,94,18,4260.98,0
419,60,Female,79153,70,15,2089.46,0
420,65,Female,63142,81,13,167.12,0
421,56,Female,56916,51,19,493.09,0
422,46,Male,94324,19,49,1629.76,0
423,59,Male,74965,42,6,177.14,1
424,43,Female,34648,35,48,184.03,0
425,52,Male,65133,46,12,4591.36,1
426,67,Male,80677,26,37,3560.18,0
427,42,Male,126059,69,17,1613.88,0
428,41,Female,124588,93,23,749.96,0
429,30,Male,129950,64,26,2607.02,0
430,24,Female,128317,37,29,126.2,0
431,53,Male,100135,84,33,4698.23,0
432,62,Male,65046,49,27,2132.59,1
433,37,Male,77064,21,25,2071.44,0
434,18,Female,131459,74,10,2013.91,0
435,25,Male,136625,64,47,439.71,0
436,63,Female,99350,5,23,3227.78,0
437,33,Female,75893,70,21,3691.72,0
438,31,Female,131520,90,21,3413.01,0
439,29,Male,91272,4,43,778.33,0
440,68,Male,122152,39,13,2936.32,0
441,40,Male,97649,35,37,2890.47,0
442,32,Male,94674,1,33,4355.21,0
443,45,Female,149044,24,24,1957.73,0
444,51,Female,138542,57,44,1920.28,0
445,19,Female,43760,70,11,3130.78,0
446,49,Male,51927,41,17,3202.06,0
447,40,Female,116475,54,4,2399.5,0
448,39,Male,91367,46,47,2270.99,0
449,68,Female,127955,60,25,2521.32,0
450,42,Male,42588,60,30,4319.12,0
451,39,Male,131678,57,9,2359.72,1
452,39,Female,134734,31,21,4705.67,0
453,66,Female,148154,84,20,2569.62,0
454,69,Female,82233,24,19,4751.08,0
455,59,Female,74738,89,19,4180.88,0
456,23,Male,63397,36,12,1875.91,0
457,32,Female,112189,85,37,4331.84,0
458,60,Female,106367,30,42,639.31,1
459,54,Female,101260,24,17,4632.73,0
460,50,Male,106619,30,37,3195.05,0
461,25,Male,141453,86,48,366.51,0
462,61,Female,49816,92,39,3256.86,0
463,61,Male,72240,7,28,4873.81,0
464,22,Female,36276,35,41,442.02,0
465,56,Male,143939,55,35,2817.97,0
466,21,Male,134199,92,47,3764.19,0
467,23,Male,109530,14,48,4070.27,1
468,62,Male,53499,10,18,2127.75,0
469,49,Female,118576,80,14,1100.42,0
470,69,Female,138856,16,35,307.48,0
471,47,Female,112495,54,44,2940.66,1
472,64,Male,101635,95,41,2319.26,0
473,52,Female,137803,89,7,4748.85,0
474,57,Female,115112,77,41,396.96,0
475,69,Female,65946,70,13,3458.44,0
476,33,Male,85204,44,18,222.33,0
477,30,Male,81886,73,37,940.03,0
478,67,Male,101652,45,13,2322.54,0
479,59,Female,45563,56,36,2328.87,0
480,47,Female,122324,84,31,3459.93,0
481,36,Female,122464,82,2,4560.04,0
482,34,Male,131872,57,16,3231.26,0
483,36,Male,39847,21,9,4772.32,1
484,45,Female,56155,68,9,4419.92,0
485,43,Male,109671,50,38,2964.05,0
486,54,Male,146891,33,11,4185.58,0
487,43,Male,113310,91,22,3248.63,0
488,40,Male,97278,7,33,484.93,0
489,26,Female,48309,70,36,3728.77,1
490,29,Male,30619,15,45,565.05,0
491,18,Male,113194,82,23,3011.01,0
492,18,Male,80108,32,45,3542.94,0
493,64,Male,64707,75,45,425.99,1
494,51,Female,50337,20,34,1230.89,0
495,49,Female,111537,88,9,4586.79,0
496,65,Male,96504,15,24,3119.94,0
497,42,Male,77614,48,8,1306.8,0
498,57,Male,121428,71,7,3484.33,0
499,62,Male,121155,21,36,3024.2,0
500,18,Male,30281,42,18,2557.72,0
501,33,Male,57420,26,3,4883.32,1
502,56,Female,110896,14,28,3448.92,0
503,22,Male,69030,57,6,1939.66,0
504,39,Female,31058,37,44,4020.36,1
505,46,Female,116213,58,44,4434.46,0
506,20,Male,106260,21,21,713.58,0
507,29,Female,58404,82,28,1082.71,0
508,43,Female,133482,69,40,1159.51,0
509,33,Female,135284,3,1,3486.94,1
510,68,Female,59856,87,36,3054.89,0
511,54,Female,39200,90,21,3133.06,1
512,39,Female,94178,37,43,4709.79,0
513,46,Male,63997,88,35,3901.97,0
514,31,Female,55611,49,13,726.89,0
515,45,Female,149273,19,49,1802.78,0
516,22,Female,71235,89,10,2233.43,1
517,64,Male,147428,85,44,2040.21,1
518,66,Female,65057,12,47,3379.61,0
519,47,Male,31239,61,10,4470.28,0
520,63,Female,133674,41,46,1599.65,0
521,69,Male,144474,33,13,2804.2,0
522,22,Male,95661,50,37,3968.11,0
523,29,Female,75272,68,38,2139.47,0
524,33,Female,119393,71,24,923.78,0
525,43,Male,91212,86,2,2427.26,0
526,43,Female,45398,33,22,370.59,0
527,65,Male,86503,81,17,4717.68,0
528,38,Male,36638,24,36,466.62,0
529,56,Male,36570,61,14,2248.44,0
530,53,Male,98785,61,10,2696.42,0
531,50,Male,39110,98,35,4927.99,0
532,47,Female,135899,28,25,913.51,0
533,54,Male,109141,58,3,660.71,0
534,40,Male,42115,43,47,142.66,0
535,27,Female,69062,41,38,862.3,0
536,22,Male,52911,39,17,1115.64,0
537,53,Female,134061,86,12,3189.85,0
538,51,Female,62556,49,24,1176.56,0
539,69,Female,108131,17,29,200.55,0
540,48,Male,31969,98,43,4150.43,0
541,27,Male,73753,70,25,1891.42,1
542,36,Male,112811,70,36,1833.11,0
543,49,Female,34470,98,26,1582.15,0
544,18,Male,40225,65,38,4879.33,0
545,22,Female,137860,74,1,933.57,0
546,62,Male,137510,85,20,4501.37,0
547,21,Female,138295,5,28,3906.34,0
548,33,Male,53196,2,16,474.75,1
549,41,Male,135823,22,47,4934.97,0
550,33,Male,43669,57,17,1429.69,0
551,19,Female,67380,66,40,583.06,0
552,66,Female,140677,74,28,4163.64,0
553,45,Male,145886,98,12,3562.71,0
554,49,Male,78320,16,27,3124.37,0
555,44,Female,77414,51,42,864.31,0
556,37,Female,133542,39,47,2444.63,0
557,41,Female,45577,86,30,3924.72,0
558,29,Male,118009,76,41,1587.76,0
559,67,Female,85409,88,34,1627.28,0
560,52,Male,58625,40,37,115.39,0
561,50,Female,111040,38,6,953.79,0
562,50,Male,54089,60,7,4389.49,0
563,68,Female,66487,59,32,2264.56,1
564,60,Female,95838,10,32,4922.75,0
565,54,Female,126999,99,25,2038.97,0
566,29,Female,140448,64,33,3604.41,0
567,20,Female,124795,63,7,1481.4,0
568,18,Male,80138,49,12,1882.67,0
569,50,Female,72823,64,16,1034.56,1
570,57,Female,67208,32,16,1800.61,0
571,27,Female,84061,7,43,2781.46,1
572,60,Male,60659,21,36,4959.69,0
573,61,Female,131376,20,13,3354.59,1
574,46,Male,61890,26,7,1076.31,1
575,30,Female,109134,68,36,320.31,0
576,29,Female,77055,86,47,719.15,0
577,48,Male,142269,15,9,2856.52,1
578,63,Female,49508,85,32,3849.29,1
579,19,Male,72287,79,11,4708.05,0
580,68,Male,108916,86,8,177.53,0
581,67,Female,56984,92,33,2661.52,0
582,52,Male,140169,14,23,2407.25,0
583,40,Female,38125,27,25,3314.67,0
584,34,Female,66059,40,8,2841.94,1
585,43,Male,99569,58,45,3466.49,0
586,25,Male,133409,28,22,3324.6,0
587,46,Male,47087,26,4,673.36,1
588,43,Male,136437,63,40,4018.62,0
589,27,Female,145262,66,3,703.84,0
590,43,Female,35704,25,29,3522.8,0
591,51,Male,90576,3,41,2139.11,1
592,68,Female,103384,72,29,2617.87,0
593,58,Female,117128,44,34,4526.16,0
594,24,Female,141279,97,34,4460.43,0
595,21,Female,102460,42,28,4107.5,0
596,67,Male,57208,99,13,2599.73,0
597,62,Male,148516,6,15,3707.58,0
598,28,Female,115150,39,23,2613.2,0
599,46,Male,96024,52,44,4361.07,0
600,53,Male,69882,23,26,2073.6,0
601,42,Male,55923,89,4,4854.15,0
602,38,Female,144044,50,26,4668.38,0
603,53,Female,131477,43,40,3733.85,1
604,27,Female,59165,19,9,1469.14,1
605,54,Male,97203,69,5,745.1,0
606,26,Female,121749,51,32,4288.05,0
607,41,Female,34114,11,20,909.98,0
608,52,Male,94965,12,11,4285.88,0
609,66,Female,66321,74,15,2504.75,0
610,52,Female,103297,8,32,2092.13,0
611,65,Male,126652,24,28,4525.63,0
612,53,Male,129304,92,22,3058.87,0
613,35,Male,143942,41,41,2925.41,0
614,66,Female,55426,36,17,2837.95,1
615,56,Female,47772,85,26,1918.73,0
616,49,Female,133754,72,44,3949.65,0
617,41,Male,33712,55,7,1338.71,0
618,40,Male,31367,9,42,4700.59,0
619,49,Female,136493,47,26,4480.53,1
620,54,Female,137317,15,25,1753.65,0
621,29,Male,145142,48,10,3674.37,0
622,66,Male,121736,82,45,2908.79,0
623,30,Male,81924,42,19,1754.48,0
624,40,Male,33726,60,11,4943.76,0
625,42,Female,119152,84,13,223.66,0
626,52,Male,57723,70,8,1337.97,0
627,58,Female,133110,12,40,2648.36,0
628,47,Female,130494,2,4,2657.57,1
629,34,Female,39108,7,47,2985.77,0
630,66,Male,107714,80,31,3783.21,0
631,37,Male,65643,3,28,3155.04,1
632,65,Male,61324,3,11,3041.38,0
633,42,Male,133896,27,43,362.22,0
634,39,Female,113360,40,1,1945.0,0
635,30,Male,140896,33,49,1237.07,0
636,36,Male,38927,92,47,1400.31,1
637,66,Female,123680,1,38,2816.25,0
638,53,Male,126546,8,24,1077.58,1
639,29,Female,52443,32,47,1540.35,0
640,58,Female,109973,48,31,1261.72,1
641,36,Female,93449,4,41,4747.66,0
642,29,Female,139834,94,46,4728.86,0
643,26,Female,135314,70,26,3088.71,0
644,24,Female,106743,19,49,4630.16,0
645,45,Female,90233,32,5,3950.48,0
646,31,Female,55537,9,20,2990.74,0
647,48,Male,131293,12,41,131.53,0
648,69,Male,107576,11,11,3885.33,0
649,36,Male,137522,46,33,3542.19,0
650,64,Male,52612,16,38,3114.74,1
651,33,Female,123977,1,27,3826.08,0
652,22,Male,36471,63,34,2613.32,0
653,52,Female,65631,21,15,3550.01,0
654,29,Male,138997,30,32,4682.34,0
655,42,Male,122059,13,21,1941.44,0
656,69,Male,61348,34,46,3569.8,0
657,38,Female,94732,4,5,2430.87,1
658,53,Male,31177,28,6,3404.56,1
659,40,Female,34760,95,38,3838.18,0
660,33,Female,62779,59,22,322.72,0
661,56,Male,51636,27,18,3268.34,0
662,62,Male,111889,69,14,1211.03,0
663,59,Male,83551,25,10,3383.16,0
664,56,Female,41556,3,46,2394.82,0
665,31,Male,57598,97,13,3890.41,0
666,48,Female,41563,68,31,704.66,0
667,22,Female,76819,25,30,3168.98,0
668,52,Male,139326,20,3,1464.51,1
669,40,Male,103770,34,30,4279.61,0
670,46,Female,121055,26,6,4649.08,1
671,60,Female,56966,5,29,4982.35,0
672,28,Female,111709,99,8,4000.44,0
673,35,Male,89889,61,44,3793.3,0
674,64,Female,56987,92,45,1155.95,0
675,29,Male,108714,93,43,1746.43,0
676,26,Female,134874,9,44,2381.84,0
677,27,Female,88348,50,33,3889.57,0
678,61,Male,54596,6,17,4583.33,0
679,34,Female,63174,83,48,1026.78,0
680,55,Male,94106,60,11,4619.6,0
681,24,Male,137510,44,13,3508.56,1
682,63,Female,99967,11,11,3092.78,0
683,30,Male,89182,66,31,1079.22,0
684,57,Male,123300,47,28,372.07,0
685,59,Female,117163,73,44,2885.48,0
686,26,Male,69310,85,6,3292.43,0
687,67,Male,86088,88,41,1132.83,0
688,44,Male,38906,98,16,2826.64,0
689,19,Female,66914,86,4,4296.82,0
690,22,Male,140350,3,35,4191.82,0
691,46,Female,75379,76,48,4644.04,0
692,54,Female,108612,92,26,1892.84,0
693,55,Male,144828,30,12,1658.44,0
694,36,Male,67650,90,11,3772.19,1
695,25,Male,76881,21,37,2212.45,0
696,65,Female,76413,28,25,528.99,0
697,62,Male,36012,90,18,1485.73,0
698,18,Male,80115,62,19,2151.05,0
699,39,Male,37151,33,23,1533.33,0
700,69,Male,87716,85,38,1727.81,1
701,34,Male,123747,35,18,1539.5,0
702,24,Female,122653,52,26,303.35,0
703,42,Female,66378,34,6,3221.76,1
704,62,Male,72652,41,4,3026.73,0
705,21,Male,102430,51,44,3301.58,0
706,53,Male,43467,47,29,1042.32,0
707,23,Male,61010,82,34,1548.71,0
708,48,Female,144793,58,17,3136.12,0
709,36,Male,84691,75,43,3038.18,0
710,61,Female,94157,57,43,2581.02,0
711,56,Female,138177,23,16,1817.02,0
712,44,Male,42289,48,2,4573.36,0
713,27,Female,74976,22,34,1764.87,0
714,43,Female,73596,17,8,2332.53,1
715,36,Female,53171,69,13,3422.76,0
716,56,Female,130441,11,42,2760.81,0
717,20,Male,116365,94,8,1799.74,1
718,62,Male,148218,15,30,2234.66,0
719,30,Female,129590,91,32,3992.96,0
720,67,Male,144014,35,36,1462.83,0
721,45,Male,74139,33,47,797.05,0
722,37,Male,78713,84,30,1634.5,0
723,45,Male,59734,16,1,4262.72,1
724,25,Male,102588,34,43,536.05,1
725,58,Female,93646,66,39,4959.31,0
726,56,Male,33654,99,17,2750.91,0
727,18,Male,119022,40,20,4925.74,0
728,20,Male,48743,28,24,4701.08,0
729,30,Male,78368,47,22,2318.79,0
730,45,Female,120025,39,29,1072.61,0
731,66,Female,104172,70,22,907.94,0
732,42,Female,36441,73,44,1275.95,0
733,50,Female,149735,20,9,3579.65,1
734,55,Male,54611,1,37,1437.45,0
735,23,Female,149891,72,10,1772.98,0
736,61,Male,137971,87,36,2299.02,0
737,62,Male,42149,63,37,4574.84,0
738,49,Male,130102,67,28,1028.03,0
739,62,Male,89189,4,28,124.63,0
740,64,Male,137904,58,42,394.47,0
741,38,Female,51675,25,43,4533.36,0
742,33,Female,101031,47,21,3272.83,1
743,38,Female,72668,38,24,1437.9,0
744,28,Female,43673,15,42,968.24,0
745,54,Male,106666,63,40,1541.91,0
746,53,Female,118204,21,2,662.5,1
747,52,Male,110758,99,8,4713.51,0
748,36,Female,95429,57,48,3942.61,0
749,37,Male,53669,53,27,2365.72,0
750,35,Male,64068,46,22,4338.32,0
751,64,Female,118789,14,37,1322.35,0
752,58,Male,39435,76,27,3613.89,0
753,66,Male,124088,17,29,4295.05,1
754,31,Female,82249,39,3,1848.17,0
755,32,Male,67384,9,44,3811.58,0
756,48,Female,111929,99,13,1545.85,0
757,18,Female,106153,77,45,1564.4,0
758,20,Female,134056,79,10,624.58,0
759,33,Male,105388,82,36,2256.28,0
760,40,Male,61401,97,9,3675.59,0
761,28,Male,101831,6,27,4707.08,1
762,29,Female,149503,91,34,3058.61,0
763,27,Male,145760,23,1,4329.36,1
764,49,Female,131529,59,32,4130.22,0
765,33,Female,64084,91,25,949.38,0
766,25,Male,140641,98,29,2480.51,0
767,55,Female,135111,46,7,672.93,0
768,29,Male,85826,38,49,3442.55,0
769,41,Male,66451,14,3,4754.51,1
770,45,Male,37227,72,20,771.74,0
771,25,Male,61910,62,20,3696.03,0
772,45,Male,66041,35,30,3197.97,0
773,53,Female,118920,19,35,2959.66,0
774,43,Female,95681,30,35,2011.59,0
775,25,Female,133314,78,49,1840.15,0
776,67,Male,111571,84,39,321.72,0
777,45,Male,95481,25,27,1167.75,0
778,45,Male,98576,40,26,174.37,1
779,54,Female,137958,88,14,2948.94,0
780,58,Male,94174,14,17,618.68,1
781,53,Female,56160,26,18,4377.8,0
782,44,Female,145170,87,45,2663.4,0
783,34,Male,147867,22,29,3528.48,0
784,26,Male,47633,48,20,2113.2,0
785,50,Female,124880,83,27,2846.84,0
786,37,Male,47014,51,18,4719.03,0
787,30,Female,110532,3,4,505.4,1
788,45,Male,79104,42,1,1344.3,0
789,65,Male,71621,19,1,3921.94,1
790,46,Female,107231,73,26,583.81,0
791,30,Male,98388,28,45,470.74,0
792,63,Female,46014,84,20,1871.55,0
793,52,Male,122578,45,23,551.62,0
794,23,Female,63755,71,10,2966.88,0
795,35,Female,70390,78,11,1208.75,0
796,68,Male,53711,63,41,4488.92,0
797,22,Female,121658,73,41,3939.15,0
798,64,Male,87993,19,5,3528.56,1
799,42,Male,104696,47,1,3123.03,0
800,19,Male,57213,14,17,4330.98,0
801,27,Female,145788,38,22,1193.0,0
802,47,Female,134956,53,34,4378.23,0
803,67,Male,87784,61,45,3968.51,0
804,62,Male,37421,36,41,3765.99,0
805,22,Female,116936,40,29,2850.15,0
806,50,Male,129073,81,4,1306.6,1
807,18,Male,47727,30,5,2175.38,0
808,35,Female,142418,9,11,3988.5,1
809,49,Male,34358,64,21,255.71,0
810,64,Female,95108,33,35,3932.05,0
811,66,Male,124018,52,12,1276.35,0
812,28,Female,62117,89,26,807.12,0
813,38,Male,118700,14,19,666.94,0
814,43,Male,61910,75,45,233.53,0
815,42,Female,128032,53,7,2665.57,0
816,39,Male,85754,99,47,1169.47,0
817,44,Female,92438,59,7,4948.22,0
818,66,Male,139847,78,26,2914.74,0
819,30,Female,59371,94,40,775.64,0
820,50,Female,81501,41,5,3474.94,0
821,51,Female,90946,68,21,4498.94,1
822,58,Female,68467,68,14,3751.38,0
823,52,Male,47625,92,4,474.56,0
824,18,Male,63893,8,23,4489.83,0
825,38,Female,106329,2,42,3990.25,0
826,65,Female,61007,86,20,875.69,0
827,23,Female,121302,41,15,353.75,0
828,45,Male,69532,55,45,2830.82,0
829,34,Male,84253,16,29,864.58,0
830,22,Male,42323,93,8,4189.5,0
831,48,Male,141335,62,41,1855.84,0
832,22,Female,142356,48,48,4573.17,0
833,55,Female,140944,30,19,2871.87,0
834,20,Female,103379,12,48,995.09,0
835,40,Male,44210,35,39,784.03,0
836,54,Male,46456,11,46,2924.71,0
837,54,Male,61367,64,28,3833.23,0
838,27,Female,84624,50,46,3929.38,0
839,27,Female,40106,85,27,1451.21,0
840,36,Male,133493,21,4,1100.81,1
841,34,Female,98008,69,15,182.11,0
842,38,Male,145395,48,35,3428.08,0
843,31,Male,146492,20,37,475.18,0
844,26,Female,102240,67,1,2161.73,0
845,63,Male,94315,44,3,3048.24,0
846,18,Female,99249,33,47,4691.83,0
847,68,Male,100587,73,24,1627.83,0
848,62,Female,40756,61,27,1323.88,0
849,30,Female,98011,9,40,3305.38,0
850,21,Female,66378,68,36,3134.27,0
851,18,Male,34255,35,34,1727.34,0
852,66,Male,44484,81,29,4647.7,0
853,57,Female,86549,98,24,4239.83,0
854,49,Female,64503,88,24,1197.51,0
855,51,Male,103794,96,42,1271.8,0
856,45,Male,136283,65,4,2610.27,0
857,48,Male,130732,8,3,3890.5,1
858,25,Female,75113,45,34,315.8,0
859,56,Male,135730,87,49,3497.34,0
860,43,Male,104069,47,23,3276.36,0
861,51,Female,128117,40,23,1234.25,0
862,20,Male,35249,76,45,3438.63,0
863,67,Male,149979,54,5,4706.9,0
864,29,Male,49201,76,31,329.25,0
865,18,Female,88576,46,41,1666.3,0
866,61,Female,148562,47,6,2247.07,0
867,22,Female,39686,15,37,4506.38,0
868,47,Female,142413,19,10,4815.08,0
869,47,Female,83363,26,40,2276.16,0
870,34,Female,127543,52,7,3775.14,0
871,65,Female,30661,93,39,2705.14,0
872,64,Male,74843,22,38,2735.14,0
873,40,Male,125673,21,21,1462.69,0
874,32,Female,90963,51,20,1163.09,0
875,54,Male,143092,38,3,1511.23,0
876,38,Male,72828,20,22,2826.01,0
877,31,Female,78604,29,47,242.86,0
878,19,Male,40526,51,4,4545.52,0
879,28,Male,98910,4,28,865.79,0
880,68,Male,55592,55,12,1178.43,0
881,56,Male,58982,71,38,2639.55,0
882,55,Male,30207,92,36,3579.56,0
883,51,Female,130969,28,47,569.07,0
884,55,Female,147181,4,41,1656.7,0
885,67,Female,118733,22,5,4846.51,1
886,51,Male,128936,76,13,1385.48,0
887,35,Female,98619,45,23,1633.95,0
888,47,Male,59328,67,30,4198.84,0
889,32,Male,76479,86,37,346.05,0
890,44,Male,138427,66,25,2376.6,0
891,68,Male,50103,88,48,1960.12,0
892,51,Female,69891,34,27,1651.28,0
893,69,Female,40754,91,14,1499.93,1
894,55,Male,129983,55,48,547.73,0
895,50,Female,111437,1,47,1642.65,0
896,41,Male,128540,72,36,310.96,0
897,32,Female,102982,87,39,3926.72,0
898,47,Female,132747,38,16,2051.32,1
899,59,Male,85922,6,22,2275.13,0
900,68,Female,78231,86,21,4478.61,0
901,34,Male,59301,25,21,3324.47,0
902,22,Female,121652,82,8,139.49,0
903,46,Male,92711,17,49,4721.56,0
904,21,Male,71323,61,16,1262.01,0
905,27,Female,48752,12,31,627.31,0
906,34,Female,127912,6,42,3863.83,0
907,27,Male,112205,90,10,2552.34,0
908,34,Female,128452,27,32,2225.48,0
909,37,Female,43395,8,34,1322.57,0
910,41,Male,115957,83,9,2782.61,0
911,22,Male,86273,65,17,1444.48,0
912,51,Female,121878,57,11,4517.76,0
913,23,Male,34895,93,32,1154.5,0
914,19,Male,149968,99,10,4433.34,0
915,30,Male,145700,40,22,2841.09,0
916,60,Female,106559,14,17,4159.59,1
917,60,Female,40699,35,4,3592.95,0
918,65,Male,95061,48,48,3513.81,0
919,28,Female,39715,84,47,1689.29,0
920,68,Male,49169,56,25,1246.09,0
921,64,Female,148413,49,21,1133.34,0
922,40,Male,46163,13,37,4300.24,0
923,33,Male,149264,61,38,4120.09,0
924,48,Female,35782,49,49,2258.81,1
925,28,Male,118177,46,1,748.78,0
926,33,Female,114328,62,25,1973.04,0
927,25,Female,145028,8,36,3134.78,0
928,21,Male,65585,43,17,2326.58,1
929,57,Male,60682,20,41,3922.93,0
930,21,Female,77864,97,24,4988.35,0
931,42,Male,114416,90,2,1036.55,0
932,20,Male,85114,39,40,2352.29,0
933,49,Male,68067,85,15,2211.82,1
934,20,Male,72685,49,32,1592.01,0
935,44,Male,48073,64,39,1070.67,0
936,46,Female,66035,62,6,421.89,0
937,49,Female,94977,54,1,4446.88,0
938,67,Male,132710,9,47,2157.26,0
939,68,Male,120373,88,23,2534.79,0
940,36,Male,113362,37,39,4593.02,0
941,38,Female,120517,49,17,3903.82,0
942,22,Male,95450,41,34,739.46,0
943,35,Female,40382,17,41,2870.56,0
944,45,Female,34437,88,29,2267.04,0
945,59,Female,100971,21,9,4006.33,1
946,39,Male,94612,51,13,3648.74,0
947,38,Female,120355,59,6,3482.99,0
948,23,Male,91929,39,6,1768.67,0
949,18,Female,132411,55,20,4044.32,0
950,22,Male,127518,41,3,356.72,0
951,58,Female,128864,39,17,882.16,0
952,29,Male,42329,13,49,1744.55,0
953,43,Female,55169,64,12,476.36,1
954,63,Male,117468,11,48,1251.47,0
955,51,Male,64594,19,47,4167.74,0
956,66,Male,106957,11,45,4746.43,1
957,31,Male,90631,77,1,1592.55,1
958,43,Female,75033,46,17,1396.13,0
959,62,Female,93133,45,3,1471.47,0
960,44,Male,103165,1,26,1460.82,0
961,26,Female,103861,40,15,276.06,0
962,43,Male,82290,19,36,4641.89,0
963,64,Male,124031,76,32,1147.12,0
964,39,Female,61750,72,32,2158.02,0
965,64,Male,125155,72,4,147.47,0
966,47,Male,70461,61,18,4303.98,0
967,60,Female,103800,12,49,3682.67,0
968,65,Male,108222,61,19,4739.1,1
969,34,Male,142020,33,43,3929.92,0
970,43,Male,54226,45,35,1637.16,0
971,53,Male,36721,90,40,1314.58,0
972,18,Female,86154,92,14,3518.81,0
973,25,Female,50609,69,33,1884.15,0
974,66,Female,82130,8,14,2874.45,0
975,52,Male,102909,25,34,130.66,0
976,69,Male,134211,91,4,403.24,0
977,32,Female,85249,46,24,2723.3,0
978,64,Male,78895,87,29,2873.75,0
979,39,Male,124473,30,19,3782.12,0
980,31,Male,35656,47,6,746.63,0
981,43,Male,104520,87,33,2614.6,0
982,45,Female,93740,49,49,1052.79,0
983,40,Female,94309,47,40,556.66,1
984,31,Female,59984,84,19,2111.43,1
985,41,Male,148947,82,1,900.35,0
986,19,Female,103822,18,5,1186.73,1
987,62,Female,35901,66,27,1656.02,0
988,43,Male,61552,68,16,1371.0,0
989,31,Male,121245,94,6,529.2,0
990,68,Female,61055,33,40,540.59,0
991,24,Female,67685,36,13,1046.92,0
992,20,Female,103965,82,48,347.74,0
993,64,Female,44716,19,35,3169.64,0
994,40,Male,144099,28,19,1507.9,0
995,63,Female,41138,40,12,1470.76,0
996,60,Female,65298,84,16,1726.79,0
997,64,Male,81112,97,43,3347.7,0
998,62,Female,53429,76,10,4366.11,0
999,35,Male,80200,15,25,3819.53,0
1000,55,Male,101308,41,20,3664.89,0
